Rain jacket,5,10,2,10
,,,,,,1,medium,100,good,,Mont  japara green,No,no
,,,,,,2,medium,100,good,,Mont  japara red,No,no
,,,,,,3,large,100,good,,Mont  japara red,No,no
,,,,,,4,x-large,100,good,,Mont  japara blue,No,no
,,,,,,5,medium,100,fair,1997,Wilderness  japara green,"No, needs repair on right lower pocket",no,needs repair on right lower pocket
,,,,,,8,small,100,good,1998,Rainbird  japara green,No,no
,,,,,,9,small,100,fair,,Rainbird japara green,No,no
,,,,,,10,medium,100,good,2005,Rainbird  japara navy,No,no
,,,,,,11,small,100,good,2005,Rainbird  japara green,No,no
,,,,,,12,small,150,good,2009,Mountain Designs Wentworth polyester teal blue/grey,No,no
,,,,,,13,medium,150,good,2009,Mountain Designs Wentworth polyester teal blue/grey,No,no
,,,,,,14,large,150,good,2009,Mountain Designs Wentworth polyester teal blue/grey,No,no
,,,,,,15,x-large,150,good,2009,Mountain Designs Wentworth polyester teal blue/grey,No,no
Overpants,5,10,2,10
,,,,,,1,Small,100,excellent,2004,Rainbird  polyester navy,?,?
,,,,,,2,large,100,excellent,2004,Rainbird  polyester navy,?,?
,,,,,,3,large,100,destroyed,2004,Rainbird  polyester black,---,?,---
,,,,,,4,x-large,100,fair,2004,Rainbird  polyester black,No,no
,,,,,,5,x-small/8,100,good,2009,Mountain Designs Grampian polyester black,No,no
,,,,,,6,small/10,100,new,2009,Mountain Designs Grampian polyester black,?,?
,,,,,,7,medium/12,100,new,2009,Mountain Designs Grampian polyester black,?,?
,,,,,,8,large/14,100,new,2009,Mountain Designs Grampian polyester black,?,?
Gaiters,5,10,2,10
,,,,,,1,large,80,good,2003,Sea to Summit  Gore-Tex green,No,no
,,,,,,2,medium,80,good,2003,Sea to Summit  Gore-Tex green,No,no
,,,,,,3,medium,80,good,2003,Sea to Summit  Gore-Tex blue,Yes,yes
,,,,,,4,medium,80,good,2004,Sea to Summit  canvas blue,Yes,yes
,,,,,,5,large,80,good,2004,Sea to Summit  canvas blue,No,no
,,,,,,6,x-large,80,fair,2004,Sea to Summit  canvas red,No,no
,,,,,,7,x-large,80,good,,Sea to Summit canvas red,No,no
,,,,,,8,large,,good,,Kathmandu,"No, need new lace",no,need new lace
Pack,10,20,5,20
,,,,,,1,small,,fair,,Summit,No,no
,,,,,,5,very large,350,fair,1994,Summit ,No,no
,,,,,,6,medium,300,poor,,Lowe red,No,no
,,,,,,8,medium,300,good,1995,Snowgum ,No,no
,,,,,,10,large,330,good,1997,Kathmandu Llama,Yes,yes
,,,,,,11,standard,330,good,1997,Kathmandu Llama,No,no
,,,,,,12,65 L,300,fair,1997,Mountain Designs Main Range,Yes,yes
,,,,,,13,65 L,300,fair,1999,White Mountain Main Peak,"No, needs repair top right press plug",no,needs repair top right press plug
,,,,,,14,65 L,300,good,1999,White Mountain Main Peak,No,no
,,,,,,16,75 L,330,fair,1999,White Mountain Main Peak,"No, needs repair top left press plug",no,needs repair top left press plug
,,,,,,17,65 L,300,fair,2000,White Mountain Main Peak,"No, needs repair left side top buckle, back padding press plug",no,"needs repair left side top buckle, back padding press plug"
,,,,,,20,,300,good,2003,Macpac Esprit,No,no
,,,,,,21,,300,good,2003,Macpac Traverse,No,no
,,,,,,22,,330,,2003,Salewa Marangu,Yes,yes
,,,,,,23,x-large,330,good,2003,Salewa Marangu,No,no
,,,,,,24,small,330,good,2003,Salewa Marangu,No,no
,,,,,,25,small,330,good,2003,Salewa Marangu,No,no
,,,,,,1,small,200,fair,2006,Summit ,Yes,yes
,,,,,,26,45 L,200,good,2007,Summit Cockatoo,No,no
,,,,,,27,45 L,200,good,2007,Summit Cockatoo,No,no
,,,,,,28,45 L,200,good,2007,Summit Cockatoo,No,no
,,,,,,29,45 L,200,good,2007,Summit Cockatoo,No,no
,,,,,,30,100 L,350,good,2007,Sea to Summit (Wilderness Equipment) Lost World,No,no
,,,,,,31,100 L,350,good,2008,Sea to Summit (Wilderness Equipment) Lost World,No,no
,,,,,,32,small,250,new,2011,Canyoning pack ,No,no
,,,,,,33,small,250,new,2011,Canyoning pack ,No,no
PLB (emergency beacon)
,,,,,,1,,600,excellent,,GME Accusat MT410G,No (Registered ??),no,(Registered ??)
,,,,,,2,,601,excellent,,GME Accusat MT410G,No (Registered ??),no,(Registered ??)
,,,,,,3,,602,excellent,,GME Accusat MT410G,No (Registered ??),no,(Registered ??)
,,,,,,4,,603,excellent,,GME Accusat MT410G,No (Registered ??),no,(Registered ??)
,,,,,,5,,603,excellent,,Kannad XS3 GPS,No (Registered ??),no,(Registered ??)
Map Case
,,,,,,3,medium,25,fair,,Ortlieb,No,no
,,,,,,4,,25,,,Ortlieb,Yes,yes
,,,,,,1,small,25,good,,Sea to Summit,No,no
,,,,,,2,small,25,good,,Sea to Summit,No,no
,,,,,,3,large,25,good,,Sea to Summit,No,no
,,,,,,4,,27,excellent,,Sea to Summit
,,,,,,5,,27,excellent,,Sea to Summit
,,,,,,6,large,27,good,,Sea to Summit,No,no
Laptop,,,,,,1,,,,,"ASUS 7""",No,no
Radio (0.5w),5,10,0,0
,,,,,,1,,25,excellent,,Uniden 0.5W,No,no
,,,,,,2,,25,excellent,,Uniden 0.5W,No,no
,,,,,,3,,25,excellent,,Uniden 0.5W,YES,yes
,,,,,,4,,25,excellent,,Uniden 0.5W,YES,yes
Radio (1w),10,20,0,0
,,,,,,5,,50,excellent,,Uniden 1W,No,no
,,,,,,6,,50,excellent,,Uniden 1W,No,no
Radio case
,,,,,,1,,250,excellent,,waterproof radio case,No,no
,,,,,,2,,250,excellent,,waterproof radio case,No,no
,,,,,,3,,250,excellent,,waterproof radio case,No,no
,,,,,,4,,250,excellent,,waterproof radio case,No,no
,,,,,,5,,250,excellent,,waterproof radio case,No,no
GPS,10,20,0,0
,,,,,,1,,250,excellent,,Garmain GPS,No,no
,,,,,,2,,250,excellent,,Garmain GPS,No,no
Sleeping Bag (synthetic),5,10,2,10
,,,,,,1,car camping,200,fair,1995,Paddy Palin Dacron winter green/purple in blue bag,No,no
,,,,,,2,car camping,200,fair,?,Paddy Pallin Dacron medium blue/red in blue bag,No,no
,,,,,,3,,200,excellent,1998,Roman Super Trek  purple in black stuff sac,?,?
,,,,,,4,bushwalk,200,excellent,1998,Roman Super Trek  black/purple,No,no
,,,,,,13,car camping,,good,?,Paddy Pallin Dacron Green and Black,No,no
,,,,,,15,car camping,200,excellent,?,Paddy Pallin Mountain series green/purple,No,no
,,,,,,20,car camping,200,not excellent,1996,Roman Super Trek -10 blue in black stuff sac,zipper needs repair,no,zipper needs repair
,,,,,,21,,200,excellent,1997,Vango Ultra Dacron -5 purple in green bag,No,no
,,,,,,22,car camping,200,excellent,1999,Paddy Pallin Mountain series  purple/black,No,no
,,,,,,23,bushwalk,200,excellent,2001,Snowgum Mawson summer blue in snowgum blue/black bag,No,no
,,,,,,24,bushwalk,200,excellent,2000,Passport Extreme lightweight green in black/green stuff sac,No,no
,,,,,,25,bushwalk,200,excellent,2001,Snowgum Mawson summer blue in snowgum blue/black bag,?,?
,,,,,,26,bushwalk,200,excellent,2001,Snowgum Mawson summer blue in snowgum blue/black bag,No,no
,,,,,,27,bushwalk,200,excellent,2001,Snowgum Mawson summer blue in snowgum blue/black bag,?,?
,,,,,,28,bushwalk,200,excellent,2001,Snowgum Mawson summer blue in snowgum blue/black bag,No,no
,,,,,,29, bushwalking,200,excellent,2001,Snowgum Mawson summer blue in snowgum blue/black bag,YES - stuff sack but no sleeping bag,yes,stuff sack but no sleeping bag
,,,,,,31,,200,excellent,2003,Mountain Equipment Dreamcatcher 4 season blue in red bag,?,?
,,,,,,32,,200,excellent,2008,Mont Evo Alpine Extreme 4 season ,No,no
,,,,,,33,,200,excellent,2008,Mont Evo Alpine Extreme 4 season ,No,no
,,,,,,34,,200,Good,2008,Mont Evo Alpine Extreme 4 season ,No,no
,,,,,,35,,200,new,2008,Mont Evo Alpine Extreme 4 season ,No,no
,,,,,,36,,200,new,2008,Mont Evo Alpine Extreme 4 season ,?,?
,,,,,,37,,200,excellent,2008,Mont Evo Alpine Extreme 4 season ,No,no
,,,,,,38,,200,new,2009,Mont  Evo Alpine Extreme 4 season ,?,?
,,,,,,39,,200,new,2009,Mont Evo Alpine Extreme 4 season ,?,?
,,,,,,XL,XL,200,excellent,2009,Mont Evo Alpine Extreme 4 season ,No,no
Sleeping Bag Liner
,,,,,,1,,50,,,Mont silk inner sheet extra long ,No,no
,,,,,,2,,50,,,Mont silk inner sheet extra long ,No,no
,,,,,,3,,50,,,Mont silk inner sheet extra long ,No,no
,,,,,,4,,50,,,Mont silk inner sheet extra long ,No,no
,,,,,,5,,45,,,Mont silk inner sheet standard ,No,no
,,,,,,6,,45,,,Mont silk inner sheet standard ,No,no
,,,,,,7,,45,,,Mont silk inner sheet standard ,No,no
,,,,,,8,,45,,,Mont silk inner sheet standard ,No,no
,,,,,,9,,45,,,Mont silk inner sheet standard ,No,no
,,,,,,10,,45,,,Mont silk inner sheet standard ,No,no
,,,,,,11,,70,,2011,Sea 2 Summit silk inner sheet standard,No,no
,,,,,,12,,70,,2011,Sea 2 Summit silk inner sheet standard,No,no
,,,,,,13,,70,,2011,Sea 2 Summit silk inner sheet standard,No,no
,,,,,,14,,70,,2011,Sea 2 Summit silk inner sheet standard,No,no
,,,,,,15,,70,,2011,Sea 2 Summit silk inner sheet standard,No,no
,,,,,,16,,70,,2011,Sea 2 Summit silk inner sheet standard,No,no
,,,,,,17,,70,,2011,Sea 2 Summit silk inner sheet standard,No,no
,,,,,,18,,70,,2011,Sea 2 Summit silk inner sheet standard,No,no
,,,,,,19,,70,,2011,Sea 2 Summit silk inner sheet standard,No,no
,,,,,,20,,70,,2011,Sea 2 Summit silk inner sheet standard,No,no

Sleeping Mat,2,10,2,10
Tent (standard),15,20,5,20
,,,,,, T8,,550,good,1997,Kathmandu Expedition 5 season ,No,no
,,,,,, T9,2 people,550,Needs repair,1997,Macpac Olympus 4 season 2 people,No (needs repair),no,(needs repair)
,,,,,, T10,2 people,550,Needs repair,1997,Macpac Nautilus 3 season 2 people,No (needs repair),no,(needs repair)
,,,,,, T12,2 people,550,Needs repair,1998,Macpac Nautilus 3 season 2 people,No (needs repair),no,(needs repair)
,,,,,, T17,2-3 people,550,good,2000,Macpac Olympus 5 season 2-3 people,No,no
,,,,,, T20,2-3 people,550,good,2003,Sierra Designs Alpha CDS 4 season 2-3 people,No,no
,,,,,, T21,2-3 people,550,good,2003,Macpac Olympus 4 season 2-3 people,No,no
,,,,,, T22,2-3 people,300,Beyond repair,2004,MSR Ventana 3 season 2-3 people,no,no,retired
,,,,,, T23,2-3 people,300,very good,2004,MSR Ventana 3 season 2-3 people,YES,yes
,,,,,, T24,,35,,2006,Outer Limits Camper Fly  ,YES,yes
,,,,,, T25,,35,,2006,Outer Limits Hiker Fly  ,YES,yes
,,,,,, T19,,550,Needs repair,2001,Salewa Expedition II 4 season ,No (needs repair),no,(needs repair)
,,,,,, T29,,550,,2002,Salewa Expedition II 4 season ,YES,yes
,,,,,, T30,,550,good,2003,Salewa Expedition III 5 season ,No,no
,,,,,, A1,2 people,550,new,2008,Sea to Summit First Arrow 5 season 2 people,No,no
,,,,,, A2,2 people,550,new,2008,Sea to Summit First Arrow 5 season 2 people,No,no
,,,,,, A3,2 people,550,new,2009,Sea to Summit First Arrow Standard 5 season 2 people,No,no
,,,,,, A4,2 people,550,new,2009,Sea to Summit First Arrow Standard 5 season 2 people,No,no
,,,,,, A5,2 people,550,new,2009,Sea to Summit First Arrow Standard 5 season 2 people,No,no
,,,,,, A6,2 people,550,new,2009,Sea to Summit First Arrow Ultralight 5 season 2 people,No,no
,,,,,, A7,2 people,550,new,2009,Sea to Summit First Arrow Ultralight 5 season 2 people,No,no
,,,,,, A8,2 people,550,new,2009,Sea to Summit First Arrow Ultralight 5 season 2 people,No,no
,,,,,, A9,2 people,550,new,2009,Sea to Summit First Arrow Ultralight 5 season 2 people,No,no
,,,,,, A10,2 people,550,new,2009,Sea to Summit First Arrow Ultralight 5 season 2 people,No,no
,,,,,, F3,,35,new,2009,Oztrail Hiker Fly  ,yes,yes
,,,,,, F4,,35,new,2009,Oztrail Hiker Fly  ,no,no
,,,,,, F5,,35,new,2009,Oztrail Hiker Fly  ,no,no
,,,,,, F6,,35,new,2009,Oztrail Hiker Fly  ,no,no
,,,,,, F7,,35,new,2009,Oztrail Hiker Fly  ,no,no
,,,,,, F8,,35,new,2009,Oztrail Hiker Fly  ,yes,yes
,,,,,, B1,4 people,1500,excellent,2009,Bibler Bombshelter  4 people,no,no
,,,,,,CCT1,3 person,50.97,new,,Oztrail Crossbreeze 3V,no
,,,,,,CCT2,3 person,50.97,new,,Oztrail Crossbreeze 3V,no
,,,,,,CCT3,3 person,50.97,new,,Oztrail Crossbreeze 3V,no
,,,,,,CCT4,3 person,50.97,new,,Oztrail Crossbreeze 3V,no
,,,,,,CCT5,3 person,50.97,new,,Oztrail Crossbreeze 3V,no
Tent (snow)
Tent (car camping),5,10,2,10
,,,,,, T11,2-3 people,100,Needs repair,2006,DMH Trek-Lite Oberon car camping 2-3 people,No (needs repair),no,(needs repair)
,,,,,, T1,,100,Needs repair,2006,Druit Genoa 3 car camping ,No (needs repair),no,(needs repair)
,,,,,, T2,,100,Needs repair,2006,Druit Genoa 3 car camping ,No (needs repair),no,(needs repair)
,,,,,, T3,,100,good,2006,Druit Genoa 3 car camping ,No,no
,,,,,, T4,,100,good,2006,Druit Genoa 3 car camping ,No,no
,,,,,, T5,2-3 people,550,good,1995,Macpac Olympus 5 season 2-3 people,No,no
,,,,,, T6,,100,good,2006,Trek Hike Derwent 3 season Car camping,No,no
Mountaineering Dry rope
,,,,,,1,60 m,300,excellent,2009,Beal Cobra II 8.6 mm turquoise/black/white/red,no,no
,,,,,,2,60 m,300,ecellent,2009,Beal Cobra II 8.6 mm magenta/brown/white/turquoise,no,no
,,,,,1,,60m,310,EC,2011,Beal Joker 9.1mm Golden Dry - Pink,0
,,,,,1,,60m,310,EC,2011,Beal Joker 9.1mm Golden Dry - Yellow,0
dynamic ropes
,,,,,1,RB05,60m,200,EC,2011,Tendon 10mm Ambition - Blue/Dark Blue specks,0
,,,,,1,RB06,60m,200,EC,2011,Tendon 10mm Ambition - Blue/Dark Blue specks,0
,,,,,1,RB07,60m,200,EC,2011,Tendon 10mm Ambition - Blue/Dark Blue specks,0
,,,,,1,RB08,60m,200,EC,2011,Tendon 10mm Ambition - Blue/Dark Blue specks,0
,,,,,1,RB01,60m,250,EC,2011,Beal Edlinger II 10.2mm - Red/white/blue/grey,0
,,,,,1,RB02,60m,250,GC,2009,Beal Edlinger 10.2mm - Grey/black/red/gold,0
,,,,,1,RB03,56m,250,GC,2006,"Beal Edlinger 10.2mm - Turquoise/black/white/red, no ink on ends",0
,,,,,1,RB04,60m,250,GC,2006,"Beal Edlinger 10.2mm - Turquoise/black/white/red, black ink on ends",0
,,,,,1,RB11,60m,550,EC,2009,Pair of Beal Cobra II 8.6mm double ropes - Pink/grey/blue/magenta and Blue/dark blue/red/white,0
,,,,,1,RB12,60m,550,GC,2006,Pair of Mammut Genesis 8.5mm double ropes - Blue/yellow/green and Orange/yellow/purple,0
,,,,,1,RB13,,50,,,"No rope, spare bag",0
static rope
,,,,,,,100m,240,unopened,2010,Tendon speleo 9mm white with yellow,n,no
,,,,,,,66 m,297,good,2009,Beal Spelenium 9mm white with red and black,n,no
,,,,,,,66 m,297,good,2009,Beal Spelenium 9mm white with red and black,n,no
,,,,,,,66 m,297,good,2009,Beal Spelenium 9mm white with red and black,n,no
,,,,,,,10 m,,good,2009,9mm white with red and black,n,no
,,,,,,,50 m,225,good,2005,  10 mm pink  yellow paint,n,no
,,,,,,,50 m,225,good,2005,  10 mm pink  yellow paint,n,no
,,,,,,,56 m,252,good,,  9 mm off white/green  yellow paint,n,no
,,,,,,,50 m,225,good,,  10 mm brown/off white  yellow paint,y,yes
,,,,,,,55 m,247.5,very good,2006,  9 mm off white/blue  green paint,n,no
,,,,,,,55 m,247.5,very good,2006,  11 mm off white/blue  green paint,y,yes
,,,,,,,50 m,225,good,,  10 mm blue/off white  no paint,y,yes
,,,,,,,40 m,180,good,,  9 mm off white/green  no paint,n,no
,,,,,,,44 m,198,good,,  9 mm off white/green  yellow paint,n,no
,,,,,,,52 m,234,good,,   brown/off white  no paint,n,no
,,,,,,,19 m,85.5,fair,,  10 mm off white/red ,n,no
,,,,,,,14 m,63,fair,,  10 mm off white/red ,n,no
,,,,,,,10 m,45,fair,,  9 mm off white/green,n,no
,,,,,,,14 m,63,fair,,  10 mm off white/red/green,n,no
,,,,,,,15 m,67.5,fair,,  10 mm off white/red,n,no
,,,,,,,12 m,54,fair,,  10 mm off white/red/green,n,no
,,,,,,,18 m,81,fair,,  10 mm off white/red,y,yes
,,,,,,,~40m,,good,,11mm off white/blue,n,no
bouldering mat,10,20,5,20
,,,,,,1,,300,excellent,2005,Black Diamond Drop Zone light-blue/black,no,no
climbing shoes,5,10,5,10
,,,,,,1,UK6,100,very good,2001,Boreal Indo slippers red/black,no,no
,,,,,,2,UK7,100,very good,2001,Boreal Indo slippers red/black,no,no
,,,,,,3,UK5.5,100,very good,2001,Boreal Indo slippers red/black,no,no
,,,,,,4,UK6.5,100,very good,2001,Boreal Indo slippers red/black,no,no
,,,,,,5,38,100,good,1999,Boreal Fire black/grey,no,no
,,,,,,6,6uk,100,poor,1999,La Sportiva Mythos ,no,no
,,,,,,7,medium,100,fair,2000,Boreal Laser 
,,,,,,9,38,100,good,2000,La Sportiva  orange/black,no,no
,,,,,,10,about 41,100,poor,2000,La Sportiva  ,no,no
,,,,,,12,about 42,100,fair,,5.10  green/black,no,no
,,,,,,13,about 44,100,very good,,Boreal Ace 
,,,,,,14,about 44,100,fair,,Boreal Fire black/grey
,,,,,,15,small,100,good,1999,Boreal Vector 
,,,,,,16,38,100,excellent,2005,La Sportiva Mojo yellow/black,no,no
,,,,,,17,40,100,poor,2005,La Sportiva Mojo yellow/black
,,,,,,30,41.5,100,very good,2004,Hudy Triop Salza ,no,no
,,,,,,31,43,100,very good,2004,Hudy Triop Salza brown/black,no,no
,,,,,,32,41,100,very good,2004,Hudy Triop Salza ,no,no
,,,,,,18,ABOUT 43,100,good,?,Boreal  grey/black  red laces,no,no
,,,,,,19,UK4.5,100,new,2008,Mammut Blaze Lace Pro red/black,no,no
,,,,,,20,UK9.5,100,new,2008,5.10 Coyote Velcro blue/black,no,no
,,,,,,21,UK11,100,new,2008,Mammut Edge blue ,no,no
,,,,,,27,UK11,100,new,2008,Mammut Edge blue ,no,no
,,,,,,22,UK8,100,very good,2009 (donate,Mammut Blaze Lace Pro red/black,no,no
,,,,,,23,UK8,100,very good,2009 (donate,Scarpa  blue/black,no,no
,,,,,,24,UK7.5,100,fair,2009 (donate,Red Chili Impact Zone black/white/red,no,no
,,,,,,25,UK8.5?,100,fair,2009 (donate,La Sportiva Mythos black/purple,no,no
,,,,,,26,UK10.5,100,new,2009,Evolv Docon black/grey,no,no
,,,,,,28,UK10.5,100,new,2009,Evolv Titan black/blue,no,no
,,,,,,29,UK5 ,100,fair,2009,Evolv Titan black/blue,no,no
,,,,,,35,uk7.5,100,new,?2011,evolv blue/black,no,no
,,,,,1,40,US12.5,,EC,2011,Evlov Quest - US12.5,0
,,,,,1,41,45,,EC,2011,Scarpa Vantage - 45,0
helmet,5,10,5,10
,,,,,,C1,,,new,,Razor,No,no
,,,,,,1,,,new,,Banzai,No,no
,,,,,,C2,,,new,,Banzai,No,no
,,,,,,C3,,,new,,Banzai,No,no
,,,,,,C4,,,new,,Banzai,No,no
,,,,,,7,,80,fair,1999,Salewa Brenta blue,No,no
,,,,,,8,,80,fair,1999,Salewa Brenta blue,No,no
,,,,,,11,,80,fair,1999,Salewa Brenta blue,No,no
,,,,,,13,,80,fair,1999,Salewa Brenta blue,No,no
,,,,,,16,,80,fair,1999,Salewa Brenta red,No,no
,,,,,,18,,80,fair,1999,Salewa Brenta red,No,no
,,,,,,19,,80,fair,1999,Salewa Brenta red,No,no
,,,,,,21,,80,fair,1999,Salewa Brenta red,No,no
,,,,,,24,,80,fair,1999,Salewa Brenta white,No,no
,,,,,,25,,80,fair,1999,Salewa Brenta white,No,no
,,,,,,26,,80,fair,1998,Edelrid Ultralight white,No,no
,,,,,,28,,80,fair,1998,Edelrid Ultralight white,No,no
,,,,,,29,,80,fair,1998,Edelrid Ultralight white,No,no
,,,,,,32,,80,fair,1998,Edelrid Ultralight white,No,no
,,,,,,33,,80,fair,1998,Edelrid Ultralight white,No,no
,,,,,,34,,80,good,2009,Black Diamond Half Dome blue,No,no
,,,,,,35,,80,good,2009,Black Diamond Half Dome blue,No,no
,,,,,,36,,80,good,2009,Black Diamond Half Dome blue,No,no
,,,,,,37,,80,good,2009,Black Diamond Half Dome blue,No,no
,,,,,,38,,80,good,2009,Black Diamond Half Dome blue,No,no
,,,,,,39,,80,good,2009,Black Diamond Half Dome blue,No,no
,,,,,,40,,80,good,2009,Black Diamond Half Dome blue,No,no
,,,,,,41,,80,good,2009,Black Diamond Half Dome blue,No,no
,,,,,,42,,80,good,2009,Black Diamond Half Dome blue,No,no
Harness,5,10
,,,,,,1,,70,very good,2003,Rock Empire  
,,,,,,2,,70,very good,2003,Rock Empire  ,n,no
,,,,,,3,,70,very good,2003,Rock Empire  
,,,,,,4,,70,very good,2003,Rock Empire  ,n,no
,,,,,,5,,70,very good,2003,Rock Empire  ,n,no
,,,,,,6,,70,very good,2003,Rock Empire  ,n,no
,,,,,,7,,70,very good,2003,Rock Empire  
,,,,,,8,,70,very good,2003,Rock Empire  black with yellow stitching,n,no
,,,,,,9,,,very good,2003,Rock Empire  black with yellow stitching
,,,,,,13,4,100,good,2000,Black Diamond Sorceress blue/orange,n,no
,,,,,,14,4,100,good,2000,Black Diamond Sorceress blue/orange,n,no
,,,,,,15,large,100,good,2000,Black Diamond Wizard yellow/orange
,,,,,,16,small,100,good,2000,Singing Rock Sphinx black/red,n,no
,,,,,,17,X-small,100,good,2000,Singing Rock Atlantis black/purple,n,no
,,,,,,no number,large,100,good,unknown,Singing Rock  black/white,n,no
,,,,,,32,large,100,excellent,2008,BD Momentum AL slate/dark grey,n,no
,,,,,,33,large,100,excellent,2008,BD Momentum AL slate/dark grey,n,no
,,,,,,34,X-large,100,excellent,2008,BD Momentum AL gold/light grey,n,no
,,,,,,35,medium,100,new,2009,BD Momentum AL slate/dark grey,n,no
,,,,,,36,medium,100,new,2009,BD Momentum AL slate/dark grey
,,,,,,37,X-small,100,new,2009,BD Primrose AL limestone/light grey,n,no
,,,,,,38,small,100,new,2009,BD Primrose AL limestone/light grey
,,,,,,39,small,100,new,2009,BD Primrose AL limestone/light grey,n,no
,,,,,,40,medium,100,new,2009,BD Primrose AL orchid/light grey,n,no
,,,,,,41,medium,100,new,2009,BD Primrose AL orchid/light grey,n,no
,,,,,,19,multifit,70,good,1999,Wild Stuff Eric black and red with yellow stitching,n,no
,,,,,,20,multifit,70,good,1999,Wild Stuff Eric black and red with yellow stitching,n,no
,,,,,,20,multifit,70,good,1999,Wild Stuff Eric black and red with yellow stitching,n,no
,,,,,,21,multifit,70,good,1999,Wild Stuff Eric black and red with yellow stitching,n,no
,,,,,,22,multifit,70,good,1999,Wild Stuff Eric black and red with yellow stitching,n,no
,,,,,,23,multifit,70,good,1999,Wild Stuff Eric black and red with yellow stitching,n,no
,,,,,,30,multifit,70,good,2004,Vertical  blue and black
,,,,,,31,multifit,70,good,2004,Vertical  blue and black
,,,,,,32,multifit,70,good,2004,Vertical  blue and black
,,,,,,34,,70,good,unknown,Rock Empire  blue  
,,,,,,35,,70,good,unknown,Rock Empire  blue,n,no
,,,,,,36,,70,good,unknown,Rock Empire  blue,n,no
,,,,,,37,,70,good,unknown,Rock Empire  blue
,,,,,,38,,70,good,unknown,Rock Empire  blue
,,,,,,39,,70,good,2001,Rock Empire  black with yellow stitching,n,no
,,,,,,40,,70,good,2001,Rock Empire  black with yellow stitching
,,,,,,41,,70,good,2001,Rock Empire  black with yellow stitching
,,,,,,42,,70,good,2001,Rock Empire  black with yellow stitching
,,,,,1,50,S,,EC,2011,BD Momentum Harness - S,0
,,,,,1,51,XL,,EC,2011,BD Momentum AL Harness - XL,0
dry bags
,,,,,,5,blue,40,good,2000,Seal line Baja 30 L,no,no
,,,,,,6,red,40,good,2000,Seal line Baja 30 L,no,no
,,,,,,7,yellow,40,good,2000,Seal line Baja 30 L,no,no
,,,,,,8,green,40,good,2000,Seal line Baja 30 L,no,no
,,,,,,2,blue,40,fair,?,Ortlieb  25 L,no,no
,,,,,,3,red,40,fair,?,Ortlieb  ,retired,,retired
,,,,,,4,blue,40,fair,?,Ortlieb  30 L,no,no
,,,,,,1,green,40,good,2004,Seal line Baja 30 L,no (needs repair might leak),no,(needs repair might leak)
,,,,,,9,yellow,40,new,2009,Sea to Summit Big River 35 L (canyoning emergncy pack),no,no
,,,,,,10,yellow,40,new,2009,Sea to Summit Big River 35 L (canyoning emergncy pack),no,no
,,,,,,11,orange,40,new,2009,Sea to Summit Big River 35 L,no,no
,,,,,,12,brown,40,new,2009,Sea to Summit Big River 35 L,no,no
,,,,,,13,brown,40,new,2009,Sea to Summit Big River 35 L,no,no
canyoning keg,,,,,,1,,40,new,2011,white with red lid,no,no
ski boots,10,20,5,20
,,,,,,6,40,300,fair to good,1996,Alpina 2000,Yes,yes
,,,,,,8,43,300,poor,1996,Alpina 1500,no,no
,,,,,,11,41,300,,1996,Alpina 2000,Yes,yes
,,,,,,12,41,300,fair,1996,Alpina 2000,no,no
,,,,,,15,41,300,poor,1996,Alpina 1500,no,no
,,,,,,19,,300,good,,Alpina 2500,no,no
,,,,,,20,,300,fair,,Alpina 2000,no,no
,,,,,,21,,300,good,,Artec BCX,no,no
,,,,,,22,,300,good,,Artec BCX,no,no
,,,,,,24,,300,,,Artec BCX,Yes,yes
,,,,,,26,,400,fair,,Scarpa leather  75 mm,no,no
,,,,,,27,,400,fair,,Andrew two strap leather 75 mm,no,no
,,,,,,29,,400,fair,,Andrew two strap leather 75 mm,no,no
,,,,,,30,,400,good,,Scarpa T3,no,no
,,,,,,31,,400,good,,Scarpa T3,no,no
,,,,,,32,,400,good,,Scarpa T3,no,no
,,,,,,33,,,excellent,,Rossignol BCX7,no,no
,,,,,, C21,,400,excellent,,Garmont Excursion,yes,yes
,,,,,, C22,,400,excellent,,Garmont Excursion,yes,yes
,,,,,, C23,,400,excellent,,Garmont Excursion,yes,yes
,,,,,, C24,,400,excellent,,Garmont Excursion,no,no
,,,,,, C25,,400,excellent,,Garmont Excursion,no,no
,,,,,, C26,,400,excellent,,Garmont Excursion,no,no
,,,,,, C27,,400,excellent,,Garmont Excursion,no,no
,,,,,, C28,,400,excellent,,Garmont Excursion,no,no
,,,,,, C29,,400,excellent,,Garmont Excursion,no,no
,,,,,, C30,,400,,,Garmont Excursion,no,no
,,,,,, C31,,400,excellent,,Garmont Excursion,no,no
,,,,,, C32,,400,excellent,2007,Garmont Excursion,no,no
,,,,,, C33,,400,excellent,2007,Garmont Excursion,no,no
,,,,,, C34,,400,excellent,2007,Garmont Excursion,no,no
,,,,,, C35,,400,excellent,2007,Garmont Excursion,no,no
,,,,,, C36,25,400,excellent,2008,Garmont Excursion Womens,no,no
,,,,,, C37,26,400,excellent,2008,Garmont Excursion Mens,no,no
,,,,,, C38,27,400,excellent,2008,Garmont Excursion Mens,no,no
,,,,,, C39,28,400,excellent,2008,Garmont Excursion Mens,no,no
,,,,,, C40,29,400,excellent,2008,Garmont Excursion Mens,no,no
,,,,,, C41,26,400,new,2009,Garmont Excursion Womens,no,no
,,,,,, C42,27,400,new,2009,Garmont Excursion Mens,no,no
,,,,,, C43,26,400,new,2009,Garmont Excursion Womens,no,no
,,,,,,C44,24.5,,new,2010,Garmont Librero,no,no
,,,,,,C45,26.5,,new,2010,Garmont Excursion,no,no
,,,,,,C46,24,,new,2010,Scarpa T4,no,no
,,,,,,C47,25,,new,2010,Scarpa T4,no,no
,,,,,,C48,26,,new,2010,Scarpa T4,no,no
skis,15,20,5,20
,,,,,,1,200,615,poor,?,Karhu XCD GT NNN BC,?,?
,,,,,,2,205,615,poor,?,Karhu Kodiak Kinetic NNN BC,No,no
,,,,,,3,,615,fair,?,Karhu XCD GT Kinetic NNN BC,No,no
,,,,,,5,,615,poor,?,Karhu XCD GT Kinetic NNN BC,No,no
,,,,,,6,,615,fair,?,Karhu XCD GT Kinetic NNN BC,No,no
,,,,,,9,195,615,fair,?,Karhu Kodiak Kinetic NNN BC,No,no
,,,,,,10,,615,fair,?,Karhu Kodiak Kinetic NNN BC,No,no
,,,,,,12,,615,good,?,Karhu XCD GT 3 pin and cable binding,no,no
,,,,,,14,190,615,good,1999,Morotto J-ski 3 pin and cable,no,no
,,,,,,15,200,615,good,1999,Morotto J-ski 3 pin and cable,no,no
,,,,,,16,200,615,good,2000,Black Diamond Polar Star 3 pin and cable,no,no
,,,,,,17,200,615,fair,2000,Black Diamond Polar Star 3 pin and cable,no,no
,,,,,,18,200,615,good,2000,Black Diamond Polar Star 3 pin and cable,no,no
,,,,,,19,192,615,good,2001,Tua Sauvage-cable binding
,,,,,,20,192,615,good,2001,Tua Sauvage-cable binding
,,,,,,21,192,615,good,2001,Tua Sauvage-cable binding
,,,,,,22,180,615,good,2003,Fischer Outtbound Crown-3 pin and cable binding,no,no
,,,,,,24,180,615,good,2003,Fischer Outtbound Crown-3 pin and cable binding,no,no
,,,,,,26,180,615,good,2003,Fischer Outtbound Crown-3 pin and cable binding,no,no
,,,,,,27,190,615,good,2003,Fischer Outbound Crown NNN-BC binding,no,no
,,,,,,28,190,615,good,2003,Fischer Outbound Crown NNN-BC binding,spare (one only),yes,spare (one only)
,,,,,,29,190,615,good,2003,Fischer Outbound Crown NNN-BC binding,no,no
,,,,,,30,190,615,good,2003,Fischer Outbound Crown NNN-BC binding,no,no
,,,,,,32,190,615,good,2003,Fischer Outbound Crown NNN-BC binding,no,no
,,,,,,33,190,615,good,2003,Fischer Outbound Crown NNN-BC binding,no,no
,,,,,,34,159,615,fair,,Fischer Outtbound Crown-cable binding,no,no
,,,,,,35,169,615,fair,2005,Fischer Outtbound Crown-cable binding,no,no
,,,,,,36,169,615,fair,2006,Fischer Outtbound Crown-cable binding,no,no
,,,,,,37,159,615,fair,2006,Fischer Outtbound Crown-cable binding,no,no
,,,,,,38,169,615,fair,2006,Fischer Outtbound Crown-cable binding,no,no
,,,,,,39,159,615,good,2008,Salomon XADV 88 (orange),no,no
,,,,,,40,169,615,new,2008,Salomon XADV 88 (orange),no,no
,,,,,,41,179,615,new,2008,Salomon XADV 88 (orange),no,no
,,,,,,42,179,615,new,2009,Salomon XADV 88 (orange),no,no
,,,,,,43,189,615,new,2009,Salomon XADV 88 (orange),no,no
,,,,,,44,159,615,new,2009,Salomon XADV 88 (orange),no,no
,,,,,,45,169,615,new,2010,Salomon 89 (green),no,no
,,,,,,46,169,615,new,2010,Salomon 89 (green),no,no
,,,,,,47,179,,new,2010,Atomic raimier,no,no
,,,,,,48,179,,new,2010,Atomic raimier,no,no
Skin,,,,,,1,,,new,,Black Diamond,no,no
,,,,,,2,,,new,,Black Diamond,no,no
,,,,,,3,,,new,,Black Diamond,no,no
,,,,,,4,,,new,,Black Diamond,no,no
,,,,,,5,,,new,,Black Diamond,no,no
,,,,,,6,,,new,,Black Diamond,no,no
,,,,,,7,,,new,,Black Diamond,no,no
,,,,,,8,,,new,,Black Diamond,no,no
,,,,,,9,,,new,,Black Diamond,no,no
,,,,,,10,,,new,,Black Diamond,no,no
snow shoes,10,40,15,40
,,,,,,2,,300,poor,1998,MSR Denali Llama black,yes,yes
,,,,,,4,,300,good,1998,Tubbs Frontier ,yes,yes
,,,,,,5,,300,good,1998,Tubbs Frontier ,yes,yes
,,,,,,6,,300,good,2001,MSR Denali Classic black,yes,yes
,,,,,,8,,300,fair,2001,MSR Denali Classic black,yes,yes
,,,,,,10,,300,good,2003,MSR Denali Classic black,yes,yes
,,,,,,12,,300,good,2003,MSR Denali Classic black,no,no
,,,,,,13,,450,good,2005,MSR Denali Ascent grey,no,no
,,,,,,14,,450,good,2005,MSR Denali Ascent grey,no,no
,,,,,,15,,450,one shoe missing,2005,MSR Denali Ascent grey,"single shoe, to be kept as a spare",yes,"single shoe, to be kept as a spare"
,,,,,,16,,450,good,2005,MSR Denali Ascent grey,no,no
,,,,,,17,,400,good,2008,MSR Denali Evo Ascent black,no,no
,,,,,,18,,360,good,2008,MSR Denali Classic grey,no,no
,,,,,,19,,360,new,2008,MSR Denali Classic grey,no,no
,,,,,,1,large,100,good,,MSR Tails black,no,no
,,,,,,2,small,100,good,,MSR Tails black,no,no
,,,,,,3,large,100,good,,MSR Tails black,no,no
,,,,,,20,Large,250,New,2011,Cresent Moon Gold 10 - Green,no,no
,,,,,,21,womens,250,New,2011,Crescent Moon Gold 13 for Women - Red,no,no
snow shovel,5,10,5,10
,,,,,,1,,120,good,1997,Voile extendable ,no,no
,,,,,,2,,120,good,1997,Voile mini ,no,no
,,,,,,4,,120,good,2001,Voile long black,no,no
,,,,,,5,,120,good,2001,Life Link short black,no,no
,,,,,,6,,,new,,Black Diamond ,no,no
,,,,,,7,,,new,,Black Diamond ,no,no
Ice hammer,10,20,5,20
,,,,,,,,300,FC  heavy,,unknown  black,No (hammer missing),no,(hammer missing)
,,,,,,,,300,FC  heavy,,unknown  red,YES,yes
,,,,,,7,,300,GC,,Sierra Extrem black,No,no
,,,,,,,,300,GC,,Simond Chacal red,YES,yes
,,,,,,5,,300,GC,,Charlet Moser  black,No,no
,,,,,,6,,300,GC,,Charlet Moser  Yellow ,No,no
,,,,,,11,,,FC  heavy,,Cassin,No,no
,,,,,,1,,,new ,2010,Petzl  Aztar,No,no
,,,,,,2,,,new ,2010,Petzl  Aztar,No,no
,,,,,,3,,,new ,2010,Petzl  Aztar,No,no
,,,,,,4,,,new ,2010,Petzl  Aztar,No,no
Ice axe,10,20,5,20
,,,,,,,,300,fair,unknown,Simond Steel,YES,yes
,,,,,,5,,300,fair,unknown,Cassin Rainbow,No,no
,,,,,,,,300,fair,1999,Simond Cougar,YES,yes
,,,,,,19,,200,good,2000,Salewa  Orion-Laser,No,no
,,,,,,14,,200,good,2003,Salewa  Orion-Laser,No,no
,,,,,,20,,200,good,,Salewa  Orion-Laser,No,no
,,,,,,21,,200,fair,2006,Petzl  Charlet Moser,No,no
,,,,,,22,,200,fair,2006,Petzl  Charlet Moser,No,no
,,,,,,23,,200,fair,2006,Petzl  Charlet Moser,No,no
,,,,,,18,,300,new,2008,Black Diamond  Shrike,No,no
,,,,,,17,,200,fair,2006,Petzl  Charlet Moser,No,no
,,,,,,4,,300,fair,unknown,Cassin`  Steel,No,no
,,,,,,8,,300,fair,unknown,Cassin`  Steel,No,no
,,,,,,11,,,new ,2010,Petzl  Aztar,No,no
,,,,,,12,,,new ,2010,Petzl  Aztar,No,no
,,,,,,13,,,new ,2010,Petzl  Aztar,No,no
,,,,,,14,,,new ,2010,Petzl  Aztar,No,no
Mountaineering boots,10,20,5,20
,,,,,, IB 17,42,400,good,1998,Sportiva Mountain3 42,N,no
,,,,,, IB 16,44,400,good,1998,Sportiva Mountain3 44,Retired,,Retired
,,,,,, IB 15,38,400,fair,1997,Koflach Clima-comprex 38,N,no
,,,,,, IB 12,43,400,poor,1978?,San Marco  43,Retired,,Retired
,,,,,, IB 13,41,400,fair to poor,1978?,San Marco  41,N,no
,,,,,,IB 18,45,,good,,Sportiva Mountain,N,no
,,,,,, IB 19,40,400,fair,1999,Koflach Viva Soft 40,N,no
,,,,,, IB 21,43,400,good,2000,Scarpa Vega 43,N,no
,,,,,, IB 22,45,400,good,2000,Scarpa Nero 45,N,no
,,,,,, IB 23,41,400,good,2000,Scarpa Nero 41,N,no
,,,,,, IB 25,11.5,400,fair,1999,Asolo AFS101 11.5,N,no
,,,,,, IB 26,49,400,good,2001,Scarpa Vega 49,N,no
,,,,,, IB 27,11,400,very good,2003,Scarpa Vega 11,N,no
,,,,,, IB 28,9.5,400,very good,2003,Scarpa Vega 9.5,N,no
,,,,,, IB 29,7.5,400,very good,2003,Scarpa Vega 7.5,N,no
,,,,,, IB 30,12,400,good,2003,Scarpa Vega 12,N,no
crampons,10,20,5,20
,,,,,,1,,250,poor,1998,Charlet Moser vertical front points ,N,no
,,,,,,2,,250,poor,1998?,Charlet Moser vertical front points ,N,no
,,,,,,3,,250,poor,1998,Charlet Moser vertical front points ,N,no
,,,,,,4,,250,poor,1998?,Charlet Moser vertical front points ,N,no
,,,,,,5,,250,poor,2000,Makalu Simond ,N,no
,,,,,,6,,250,poor,?,Salewa vertical front points ,N,no
,,,,,,7,,250,new,2009,Black Diamond Sabretooth Pro ABS ,N,no
,,,,,,8,,250,new,2009,Black Diamond Sabretooth Pro ABS ,N,no
avalanche probe
,,,,,,1,,40,new,2008,Ortovox Aluminium 200 Economic silver ,N,no
,,,,,,2,,40,new,2008,Ortovox Aluminium 200 Economic silver ,N,no
,,,,,,3,,40,new,2008,Ortovox Aluminium 200 Economic silver ,N,no
,,,,,,4,,40,new,2008,Ortovox Aluminium 200 Economic silver,N,no
avalanche transceiver,25,40,10,40
,,,,,,1,,350,good,2005,Ortovox F1 Focus blue 457 kHz,No,no
,,,,,,2,,350,good,2005,Ortovox F1 Focus blue 457 kHz,No,no
,,,,,,3,,350,new,2008,Ortovox m2 orange 457 kHz,YES,yes
,,,,,,4,,350,new,2008,Ortovox m2 orange 457 kHz,No,no
stove,10,20.00
,,,,,,23,,,fair,unknown,,no (needs spon; strap),no,(needs spon; strap)
,,,,,,11,,,fair,unknown,,no (needs spon; strap),no,(needs spon; strap)
,,,,,,26,,,fair,unknown,,no,no
,,,,,,22,,,fair,unknown,,no,no
,,,,,,15,,,fair,unknown,,no,no
,,,,,,21,,,fair,unkown,,no (needs spon),no,(needs spon)
gas lanten,5,10,2,10
,,,,,,1,,,new,unknown,,no,no
dehydrator,10,20,5,20
,,,,,,1,,370,VGC,2000?,Ezidri Ultra FD1000 ,no,no
,,,,,,2,,200,VGC,2000?,Ezidri Snackmaker ,no,no
rope protectors,,,,,8
mailons,,,,,10
ski poles(pairs),,,,,33,,,,,,,n (6 retired - was 39),,(6 retired - was 39)
velcro straps,,,,,12
ice screws,,,,,5,,13cm,,"3 good
2 new",,,N,no
,,,,,5,,18cm,,"4 good
1 new",,,N,no
,,,,,1,,16cm,,good,,,N,no
,,,,,5,,21cm,,"3 good
2 new",,,N,no
Bike carriers
,,,,,,,,140,,2007,Q-Spear 3 bike tow bar,n,no
,,,,,,,,140,,2007,Q-Spear 3 bike tow bar,n,no
,,,,,,,,140,,1997,3 bike hatchback,n,no
,,,,,,,,140,,,3 bike hatchback,n,no
,,,,,,,,140,,2006,Pacific 3 bike tow bar,n,no
Jackob's ladder,,,,,9,,,80,,,,n,no
crampon file,,,,,1
snow peg,,,,,4
ice axe wire sling,,,,,12,,,,new,,,N,no
snow stakes,,,,,9,,,,fair,,,N (one retired),,(one retired)
Dead Man,,,,,4,,,,fair,,,N,no
book,0,20,0,20
,,,,,,7,,,,,A Climber's Guide to Kaputar and Nandewar Joe Friend,yes,yes
,,,,,,17,,,,,Frenchmans Cap Climbing Guide ,yes,yes
,,,,,,21,,30,,,Rockclimbing at Nowra ,yes,yes
,,,,,,22,,30,,,Rockclimbing at Nowra ,yes,yes
,,,,,,24,,,,,Wild Alternative Tasmania ,yes,yes
,,,,,,30,,30,,,Exploring Namadgi and Tidbinbilla: Day Walks in Canberra's High Country ,yes,yes
,,,,,,33,,,,,A Climbers Guide to NZ Mountaineering Techniques ,yes,yes
,,,,,,34,,,,,Alpine Guides Technical Manual ,yes,yes
,,,,,,38,,50,,,Canyons Near Sydney: 4th edition Rick Jamieson,yes,yes
,,,,,,48,,,,,100 walks in Tasmania ,yes,yes
,,,,,,72,,,,,River Rescue ,yes,yes
,,,,,,90,,,,,Mastering Mtn Bike Skills ,yes,yes
,,,,,,92,,,,,Melbourne Uni Song Book 1973 ,yes,yes
,,,,,,93,,,,,Melbourne Uni Song Book 1973 ,no,no
,,,,,,bk01,,120,,,Arapiles: Selected Climbs Simon Mentz  Glenn Tempest,no,no
,,,,,,bk02,,120,,,Arapiles Selected Climbs: 2nd edition Simon Mentz and Glenn Tempest,no,no
,,,,,,bk03,,120,,,Arapiles Selected Climbs: 2nd edition Simon Mentz and Glenn Tempest,no,no
,,,,,,bk04,,60,,,Rockclimbing Guide to Mt Arapiles ,no,no
,,,,,,bk05,,,,,Mt Arapiles update,no,no
,,,,,,bk06,,,,,VCC Rockclimbing guide to Mt Arapiles Stone and Speedie not for hire,no,no
,,,,,,bk07,,,,,Grampians Selected Climbs ,no,no
,,,,,,bk08,,67.5,,,ACT Granite Guide John Churchill and Mike Peck,no,no
,,,,,,bk09,,67.5,,,ACT Granite Guide John Churchill and Mike Peck,no,no
,,,,,,bk10,,67.5,,,ACT Granite Guide John Churchill and Mike Peck,no,no
,,,,,,bk11,,22.5,,,ACT Granite Guide John Churchill and Mike Peck,no,no
,,,,,,bk12,,60,,,Blue Mtns Climbing 2010 ed,no,no
,,,,,,bk13,,,,,Blue Mtns Climbing 2007 ed,no,no
,,,,,,bk14,,,,,Blue Mtns Climbing 2007 ed,no,no
,,,,,,bk15,,,,,Blue Mtns Climbing Pircher/Carter 3rd ed,no,no
,,,,,,bk16,,,,,Blue Mtns Selected Climbing areas ,no,no
,,,,,,bk17,,,,,Rockclimbs in the Lower Blue Mountains ,no,no
,,,,,,bk18,,100,,,Rockclimbs in the Upper Blue Mountains ,no,no
,,,,,,bk19,,,,,Rockclimbs in the Upper Blue Mountains ,no,no
,,,,,,bk20,,,,,The Blue Mountains ,no,no
,,,,,,bk21,,,,,Update Guide to Blue Mtns Climbing ,no,no
,,,,,,bk22,,,,,Rockclimbs of Narrowneck ,no,no
,,,,,,bk23,,80,,,Wolgan Valley: Selected Climbing Areas Wade Stevens,no,no
,,,,,,bk24,,,,,Wolgan Valley: Selected Climbing Areas Wade Stevens,no,no
,,,,,,bk25,,,,,50 walks in southern NSW and ACT ,no,no
,,,,,,bk26,,,,,50 walks in southern NSW and ACT ,no,no
,,,,,,bk27,,,,,100 walks in Victoria ,no,no
,,,,,,bk28,,,,,100 walks in Victoria ,no,no
,,,,,,bk29,,,,,100 walks in Northern QLD ,no,no
,,,,,,bk30,,,,,Alpine Walking Track ,no,no
,,,,,,bk31,,,,,25 Family Bushwalks ,no,no
,,,,,,bk32,,,,,Bushwalking in Kosciusko NP ,no,no
,,,,,,bk33,,,,,Bushwalking in the Budawangs ,no,no
,,,,,,bk34,,,,,Bushwalking in the Katoomba and Leura Area ,no,no
,,,,,,bk35,,,,,Take a Walk in NSW NPs ,no,no
,,,,,,bk36,,,,,Walks in the Blue Mtns ,no,no
,,,,,,bk37,,,,,Bogong NP ,no,no
,,,,,,bk38,,,,,Victoria's Alpine NP ,no,no
,,,,,,bk39,,,,,Fitzroy Falls and Beyond/Morton NP ,no,no
,,,,,,bk40,,,,,Namadgi and Tidbinbilla classics ,no,no
,,,,,,bk41,,,,,Valley of the Giants ,no,no
,,,,,,bk42,,,,,Tramping in NZ ,no,no
,,,,,,bk43,,,,,Cradle Mountain and Lake St Clair,no,no
,,,,,,bk44,,,,,South West Tasmania,no,no
,,,,,,bk45,,,,,Walking Canberra's Hills and Rivers ,no,no
,,,,,,bk46,,,,,Climbers guide to Sydney sea cliffs ,no,no
,,,,,,bk47,,40,,,Point Perpendicular Climbing Guide Bob McMillan  Glenn Jones  Robin Cleland,no,no
,,,,,,bk48,,,,,Point Perpendicular Climbing Guide Bob McMillan  Glenn Jones  Robin Cleland,no,no
,,,,,,bk48,,30,,,Rockclimbers Guide to Nowra/Wollongong Rod Young,no,no
,,,,,,bk49,,,,,Central Victoria (climbing) ,no,no
,,,,,,bk50,,,,,Wonderland Range John McMahon and Peter Lindorff,no,no
,,,,,,bk51,,,,,Frog Buttress Climbing Guide ,no,no
,,,,,,bk52,,,,,Frog Buttress Climbing Guide ,no,no
,,,,,,bk53,,,,,Frog Buttress Climbing Guide ,no,no
,,,,,,bk56,,,,,The Organ Pipes Climbing Guide ,no,no
,,,,,,bk57,,,,,Moonarie (climbing) ,no,no
,,,,,,bk58,,35,,,How to Rockclimb: More Anchors ,no,no
,,,,,,bk59,,35,,,How to Rockclimb: Anchors ,no,no
,,,,,,bk60,,,,,Rockclimbing: getting started ,no,no
,,,,,,bk61,,,,,Canyons near Sydney 3rd ed,no,no
,,,,,,bk62,,50,,,Canyons Near Sydney: 4th edition Rick Jamieson,no,no
,,,,,,bk63,,,,,Back-country ski book ,no,no
,,,,,,bk64,,,,,Free-heel skiing ,no,no
,,,,,,bk65,,,,,Know the Game: Orienteering ,no,no
,,,,,,bk66,,,,,Orienteering ,no,no
,,,,,,bk67,,,,,Telemark Tips ,no,no
,,,,,,bk68,,,,,Mountaineering: The Freedom of the Hills 5th Edition,no,no
,,,,,,bk69,,,,,Himalayan Climber ,no,no
,,,,,,bk70,,,,,Mountaineering: The Freedom of the Hills 7th Edition,no,no
,,,,,,bk71,,4,,,Arthurs Pass: NZAC Guide Graeme Kates,no,no
,,,,,,bk72,,40,,,Aoraki/Mount Cook: NZAC Guide Alex Palman,no,no
,,,,,,bk73,,40,,,Mt Aspiring: NZAC Guide ,no,no
,,,,,,bk74,,,,,Secrets of Warmth ,no,no
,,,,,,bk75,,,,,Ice World ,no,no
,,,,,,bk76,,,,,The Basic Essentials of Kayaking Whitewater ,no,no
,,,,,,bk77,,,,,Mountain Bike! ,no,no
,,,,,,bk78,,,,,Cycling in the bush ,no,no
,,,,,,bk79,,,,,Craglets ,no,no
,,,,,,bk80,,,,,First Ascent - life & climbs of Greg Mortimer ,no,no
,,,,,,bk81,,,,,Rivers and Lakes of NSW ,no,no
,,,,,,bk82,,,,,Snowy Mtn Walks ,no,no
,,,,,,bk83,,,,,Arapiles Selected climbs Mentz & Tempest,no,no
,,,,,,bk84,,,,,The Darran Mtns ,no,no
,,,,,,bk85,,30,,,100 Walks in NSW Tyrone Thomas,no,no
,,,,,,bk86,,,,,Active First Aid 7th ed,no,no
,,,,,,bk87,,,,,Active First Aid 7th ed,no,no
,,,,,,bk88,,,,,Active First Aid 7th ed,no,no
,,,,,,bk89,,,,,Active First Aid 7th ed,no,no
,,,,,,bk90,,,,,Active First Aid 7th ed,no,no
,,,,,,,,,,,Arapiles VCC 1978,no,no
,,,,,,,,,,,Bushwalking in Australia John and Monica Chapman,yes,yes
,,,,,,,,,,,Bushwalking in the Budawangs ,yes,yes
,,,,,,,,,,,Staying Alive (mountaineering DVD) ,yes,yes
SLCDs
,,,,,1,,BD #3,,EC,2008,BD #3 - blue,1,yes,1 missing
,,,,,1,,BD #2,,EC,2008,BD #2 - yellow,0,no
,,,,,1,,BD #1,,EC,2008,BD #1 - red,0,no
,,,,,1,,BD #0.75,,EC,2008,BD #0.75 - green,0,no
,,,,,1,,BD #0.5,,EC,2008,BD #0.5 - purple,0,no
,,,,,1,,BD #0.5,,GC,,BD #0.5 - purple,0,no
,,,,,1,,BD #1,,GC,,BD #1 - red,0,no
,,,,,1,,BD #0.75,,GC,,BD #0.75 - green,0,no
,,,,,1,,BD #0.75,,GC,,BD #0.75 - green,0,no
,,,,,1,,BD #2,,GC,,BD #2 - yellow,0,no
,,,,,1,,BD #4,,GC,,BD #4 - purple,0,no
,,,,,1,,BD #3,,GC,,BD #3 - blue,0,no
,,,,,1,,BD #0.5,,GC,,BD #0.5 - purple,0,no
,,,,,1,,BD #0.75,,GC,,BD #0.75 - green,0,no
,,,,,1,,BD #2,,GC,,BD #2 - yellow,0,no
,,,,,1,,BD #3.5,,GC,,BD #3.5 - grey,0,no
,,,,,1,,BD #5,,GC,,BD #5 - green,0,no
,,,,,1,,BD #4.5,,VGC,,BD #4.5 - red,0,no
,,,,,1,,BD #3,,GC,,BD #3 - blue,1,yes,1 missing
,,,,,1,,BD #1,,GC,,BD #1 - red,1,yes,1 missing
,,,,,1,,Wild Country #2,,VGC,,Wild Country #2 - red,0,no
,,,,,1,,Wild Country #2,,VGC,,Wild Country #2 - red,0,no
,,,,,1,,Wild Country #1.5,,VGC,,Wild Country #1.5 - grey,0,no
,,,,,1,,Wild Country #1,,VGC,,Wild Country #1 - yellow,0,no
,,,,,1,,Wild Country #1,,VGC,,Wild Country #1 - yellow,0,no
,,,,,1,,Wild Country #1,,VGC,,Wild Country #1 - yellow,0,no
,,,,,1,,Wild Country #0.5,,VGC,,Wild Country #0.5 - red,0,no
,,,,,1,,Wild Country #0.5,,VGC,,Wild Country #0.5 - red,0,no
,,,,,1,,Wild Country #0.5,,VGC,,Wild Country #0.5 - red,0,no
,,,,,1,,Wild Country #0,,VGC,,Wild Country #0 - blue,0,no
,,,,,1,,Wild Country #0,,VGC,,Wild Country #0 - blue,0,no
,,,,,1,,Wild Country #0,,VGC,,Wild Country #0 - blue,0,no
,,,,,1,,Wild Country #0,,VGC,,Wild Country #0 - blue,0,no
,,,,,1,,Wild Country #00,,VGC,,Wild Country #00 - yellow,0,no
,,,,,3,,BD #2,,,2010,BD #2 - yellow,0,no
,,,,,3,,BD #1,,,2010,BD #1 - red,3,yes,3 missing
,,,,,1,,BD #2,,,,BD #2 - yellow sling older,0,no
,,,,,1,,BD #1,,,,BD #1 - green sling old,0,no
,,,,,2,,BD #0.75,,,2010,BD #0.75 - green,0,no
nuts
,,,,,2,,BD #4,,Worn,2008,BD #4 - grey,0,no
,,,,,2,,BD #5,,FC,2008,BD #5 - purple,0,no
,,,,,2,,BD #6,,GC,2008,BD #6 - green,0,no
,,,,,2,,BD #7,,EC,2008,BD #7 - red,0,no
,,,,,2,,BD #8,,GC,2008,BD #8 - yellow,0,no
,,,,,3,,BD #9,,GC,2008,BD #9 - blue,0,no
,,,,,2,,BD #10,,EC,2008,BD #10 - grey,0,no
,,,,,1,,BD #10,,GC,,BD #10 - grey,0,no
,,,,,2,,BD #11,,EC,2008,BD #11 - purple,0,no
,,,,,2,,BD #12,,EC,2008,BD #12 - green,0,no
,,,,,2,,BD #13,,EC,2008,BD #13 - red,0,no
,,,,,1,,Omega Pacific #11,,GC,,Omega Pacific #11 - red,0,no
,,,,,7,,HB Wales #2,,GC,,HB Wales #2,0,no
,,,,,3,,HB Wales #3,,GC,,HB Wales #3,1,yes,1 missing
,,,,,6,,HB Wales #4,,GC,,HB Wales #4,0,no
,,,,,3,,HB Wales #5,,GC,,HB Wales #5,0,no
,,,,,1,,HB Wales #6,,GC,,HB Wales #6,0,no
,,,,,1,,HB Wales #7,,GC,,HB Wales #7,1,yes,1 missing
,,,,,3,,HB Wales #8,,GC,,HB Wales #8,0,no
,,,,,2,,HB Wales #9,,GC,,HB Wales #9,0,no
,,,,,1,,HB Wales Offset #7,,GC,,HB Wales Offset #7,0,no
,,,,,1,,HB Wales Offset #8,,GC,,HB Wales Offset #8,0,no
,,,,,1,,unknown brand roughly BD #9,,GC,,unknown brand roughly BD #9,0,no
,,,,,1,,unknown brand roughly BD #3,,GC,,unknown brand roughly BD #3,0,no
,,,,,1,,DMM offset #4,,GC,,DMM offset #4,0,no
,,,,,1,,DMM #2,,,,DMM #2,0,no
,,,,,1,,DMM #5,,,,DMM #5,0,no
,,,,,1,,DMM #6,,GC,,DMM #6,1,yes,1 missing
,,,,,1,,DMM #10,,,,DMM #10,0,no
,,,,,1,,Wild Country #8,,GC,,Wild Country #8,0,no
,,,,,1,,Wild Country #7,,GC,,Wild Country #7,0,no
,,,,,1,,Wild Country #6,,GC,,Wild Country #6,0,no
,,,,,1,,Wild Country #5,,,,Wild Country #5,0,no
,,,,,1,,Wild Country #3,,GC,,Wild Country #3,0,no
,,,,,2,,Wild Country #2,,GC,,Wild Country #2,0,no
,,,,,2,,Wild Country #1,,GC,,Wild Country #1,0,no
,,,,,1,,Wild Country #1.5,,GC,,Wild Country #1.5,0,no
,,,,,2,,ABC (smiley face) #4?,,,,ABC (smiley face) #4? - purple,0,no
,,,,,2,,ABC (smiley face) #3?,,,,ABC (smiley face) #3? - red,0,no
,,,,,2,,ABC (smiley face) #1?,,,,ABC (smiley face) #1? - silver,0,no
hexes
,,,,,1,,BD #4,,EC,2008,BD #4,0,no
,,,,,1,,BD #5,,EC,2008,BD #5,0,no
,,,,,1,,BD #6,,EC,2008,BD #6,0,no
,,,,,1,,BD #7,,EC,2008,BD #7,0,no
,,,,,1,,BD #7,,VGC,,BD #7,0,no
,,,,,1,,BD #8,,EC,2008,BD #8,0,no
,,,,,1,,BD #9,,EC,2008,BD #9,0,no
,,,,,1,,BD #10,,EC,2008,BD #10,0,no
,,,,,2,,Faders #4,,EC,,Faders #4 - purple cord,0,no
,,,,,2,,Faders #5,,EC,,Faders #5 - purple cord,0,no
,,,,,2,,Faders #6,,EC,,Faders #6 - purple cord,0,no
,,,,,2,,Faders #7,,EC,,Faders #7 - purple cord,0,no
,,,,,2,,Faders #7,,EC,,Faders #7 - green cord,0,no
,,,,,3,,Faders #8,,EC,,Faders #8 - green cord,0,no
,,,,,3,,Faders #9,,EC,,Faders #9 - green cord,0,no
,,,,,3,,Faders #9,,EC,,Faders #9 - green cord,0,no
,,,,,1,,Faders #9,,EC,,Faders #9 - green cord,0,no

RPs
,,,,,7,,HB Wales #1,,GC,,HB Wales #1,0,no
,,,,,4,,HB Wales #00,,GC,,HB Wales #00,0,no
,,,,,1,,BD #5,,GC,,BD #5,1,yes,1 missing
,,,,,1,,RP #2,,Poor,,RP #2,0,no
,,,,,2,,RP #3,,GC,,RP #3,0,no
,,,,,1,,RP #4,,GC,,RP #4,0,no
,,,,,2,,HB Wales Offset #2,,GC,,HB Wales Offset #2,0,no
,,,,,1,,HB Wales Offset #3,,GC,,HB Wales Offset #3,0,no
,,,,,2,,HB Wales Offset #4,,GC,,HB Wales Offset #4,0,no
gear harnesses
,,,,,2,,,,GC,,BD gear harness,0,no
Belay devices
,,,,,1,,,,EC,2008,BD ATC - yellow,0,no
,,,,,1,,,,EC,2008,BD ATC - red,0,no
,,,,,2,,,,GC,,BD ATC - black,0,no
,,,,,1,,,,,,BD ATC-XP - grey,0,no
,,,,,1,,,,,,BD ATC-XP - red,0,no
,,,,,1,,,,,,BD ATC-XP - light green,0,no
,,,,,3,,,,,2010,BD ATC-XP - silver,0,no
,,,,,1,,,,,2010,BD ATC-XP - red,0,no
,,,,,3,,,,GC,,Salewa ATC-XP type - silver,3,yes,3 missing
,,,,,2,,,,GC,,Trango - pink,0,no
,,,,,1,,,,GC,,Trango - red,0,no
,,,,,1,,,,GC,,Trango - green,0,no
,,,,,3,,,,,,Trango Jaws - silver,0,no
,,,,,4,,,,GC,,HB Wales Sticht plate - silver,4,yes,4 missing
,,,,,2,,,,GC,,HB Wales Sticht plate - magenta,2,yes,2 missing
,,,,,3,,,,GC,,Salewa Sticht plate - blue,3,yes,3 missing
,,,,,1,,,,GC,,PFH rack (6-bar) - silver,0,no
,,,,,3,,,,,,PFH RAP-RAK (4-bar) - silver,0,no
,,,,,2,,,,GC,,Petzl rack (5-bar) - silver and red,0,no
,,,,,1,,,,GC,,unknown rack (5-bar) - silver,0,no
,,,,,1,,,,GC,,unknown rack (5-bar) - silver,0,no
,,,,,1,,,,,,unknown rack (5-bar) - silver,0,no
bolt plates
,,,,,25,,,,GC,,PFH 45 degrees,0,no
,,,,,14,,,,GC,,PFH 90 degrees,2,yes,2 missing
pulleys
,,,,,3,,,,GC,,Riley Australia - silver with black wheel,0,no
,,,,,2,,,,GC,,Petzl - silver with orange wheel,0,no
locking biners
,,,,,12,,,,EC,2010,BD Rock-loc - brown and orange,0,no
,,,,,17,,,,"GC, VGC",old,Various locking biners,1,yes,1 missing
,,,,,12,,,,,2010,BD,0,no

nut tools
,,,,,2,,,40,EC,2008,Lucky - silver,0,no
,,,,,1,,,20,VGC,,Wild Country - black,0,no
,,,,,4,,,,,2010,BD - black,0,no
,,,,,2,,,40,GC,,Metolius with claw - silver,0,no
ascenders
,,,,,4,,,536,GC,,Fritschi Jumar - yellow,0,no
,,,,,1,,,,EC,2011,Petzl Tibloc,0
,,,,,1,,,,EC,2011,Petzl Tibloc,0
quickdraws
,,,,,8,QD01,,,OK,,Quickdraw - assorted,0,no
,,,,,8,QD02,,,OK,,Quickdraw - assorted,0,no
,,,,,8,QD03,,,OK,,Quickdraw - assorted,0,no
,,,,,23,,,,OK,,Quickdraw - assorted,0,no
non-locking biners,,,,,16,,,,OK,,biner - assorted,0,no
Slings
,,,,,4,,200cm,,EC,2011,Ferno Dyneema 200cm - Turquoise/white/pink,0,yes,3 missing
,,,,,1,,120cm,,EC,2011,BD Nylon 120cm - Blue,0,yes,2 missing
,,,,,1,,120cm,,EC,2011,BD Nylon 120cm - Red,0,yes,4 missing
,,,,,1,,120cm,,EC,2011,BD Nylon 120cm - Grey,0,yes,2 missing
,,,,,1,,120cm,,EC,2011,BD Nylon 120cm - Purple,0,yes,1 missing
,,,,,1,,60cm,,EC,2011,BD Nylon 60cm - Blue,0,yes,4 missing
,,,,,1,,60cm,,EC,2011,BD Nylon 60cm - Grey,0,yes,1 missing
,,,,,2,,60cm,,EC,2011,Tendon Dyneema - Black/white,0,no
cordelettes
,,,,,1,,,,GC,,7mm blue nylon webolette,0,no
,,,,,1,,,,GC,,7mm blue nylon cordelette,0,no
,,,,,1,,,,GC,,5mm green spectra webolette,0,no
,,,,,1,,,,OK,,120cm sling,0,no,May be retired - write off if not found next stocktake
Chalk bags,,,,,4,,,30ea,,,Chalk bag,1,yes,1 missing
